{
  "metrics": {
    "ph": {},
    "salt": {},
    "peg": {},
    "temp": {}
  },
  "timing_seconds": {
    "ph": 16.20401358604431,
    "salt": 8.982019901275635,
    "peg": 9.485280752182007,
    "temp": 10.123315334320068
  },
  "trained_at": "2026-04-24T01:12:05.960036"
}